uid,email,password
tim,tim.kartawijaya@gmail.com,timisgreat
hamadam,hamaad.adam@gmail.com,hamaadisnot
sarah,sarah@gmail.com,pass12
katie,katie@gmail.com,password
mike,mike@gmail.com,password
yoon,yoon@gmail.com,password
gina,gina@gmail.com,password
terry,terry@gmail.com,password
rosa,rosa@gmail.com,password
ray,ray@gmail.com,password
jake,jake@gmail.com,titleofmy
adamsilver,adamsilver@yahoo.com,ilikebaskets